id,split,bg_px,crop_px,weed_px
001,train,1415461,78576,185579
002,test,1476494,68675,134447
003,train,1210318,240852,228446
004,train,1059595,442221,177800
005,train,1114328,468655,96633
006,train,1382250,102332,195034
007,train,1125551,447112,106953
008,train,1226578,154701,298337
009,train,1154391,0,525225
010,test,1211464,0,468152
011,test,1022506,578784,78326
012,train,1173013,312466,194137
013,train,1076412,246222,356982
014,train,1157766,0,521850
015,train,1317793,0,361823
016,test,1193172,428922,57522
017,train,1069046,501374,109196
018,train,1307188,165109,207319
019,train,948087,681520,50009
020,train,1134490,405632,139494
021,train,1105145,475464,99007
022,train,926515,680388,72713
023,train,752843,907241,19532
024,train,1310681,324305,44630
025,train,1415627,89433,174556
026,train,1067770,293726,318120
027,train,1189422,386998,103196
028,train,1280897,268361,130358
029,train,1196092,459296,24228
030,train,968559,624156,86901
031,train,1192328,324482,162806
032,train,998943,626159,54514
033,train,1444296,197066,38254
034,train,1505817,53103,120696
035,train,1543022,0,136594
036,train,1142561,260191,276864
037,train,1397964,184974,96678
038,test,1104583,260462,314571
039,train,1152713,0,526903
040,train,966837,618397,94382
041,train,877669,600270,201677
042,test,1258137,255402,166077
043,test,1206649,348287,124680
044,train,979327,162332,537957
045,train,883650,736977,58989
046,test,1182925,409956,86735
047,train,864494,780558,34564
048,train,1245685,415838,18093
049,test,971238,403319,305059
050,train,1073242,317680,288694
051,test,954304,585020,140292
052,train,1088166,301150,290300
053,train,1175000,292324,212292
054,train,1288488,308636,82492
055,train,1295470,143228,240918
056,test,1128332,393715,157569
057,test,1089478,467594,122544
058,train,1337236,133204,209176
059,train,972644,482209,224763
060,train,735826,760367,183423
061,train,865240,489343,325033
062,train,839550,363762,476304
063,train,913380,478806,287430
064,train,1194794,0,484822
065,train,1240673,0,438943
066,test,739388,636209,304019
067,train,704973,472332,502311
068,train,1326184,296624,56808
069,train,1442988,236122,506
070,train,1415461,78576,185579
071,test,897976,318050,463590
072,train,875801,426414,377401
073,test,848838,673916,156862
074,test,578799,1063576,37241
075,train,1143463,382800,153353
076,train,1076610,331185,271821
077,test,1351207,194377,134032
078,train,1016316,588895,74405
079,test,1205721,65862,408033
080,train,1380993,292764,5859
081,train,1159896,245737,273983
082,train,956040,443850,279726
083,train,1391181,93490,194945
084,train,1424910,196205,58501
085,train,1430693,182853,66070
086,train,1379552,245671,54393
087,train,1441163,145086,93367
088,train,1218596,415573,45447
089,train,1488117,126970,64529
090,train,1262998,387073,29545
091,train,1429766,141338,108512
092,test,1268013,381918,29685
093,test,1136709,417523,125384
094,train,1272480,353257,53879
095,train,1258245,327491,93880
096,train,1358772,217521,103323
097,train,1324386,281201,74029
098,train,1469995,124906,84715
099,train,1421284,233188,25144
100,train,1343325,275116,61175
